{"cameraMode":{"drawMode":0,"name":"Shaded","section":"Shading Mode"},"sceneLighting":false,"audioPlay":false,"sceneViewState":{"showFog":true,"showMaterialUpdate":true,"showSkybox":false,"showFlares":true,"showImageEffects":true,"showParticleSystems":true},"in2DMode":false,"pivot":{"x":-0.06858332455158234,"y":-0.15234099328517915,"z":-27.702138900756837},"rotation":{"x":0.009277154691517353,"y":0.9905778765678406,"z":-0.10770411789417267,"w":0.08455665409564972},"size":4.123942852020264,"orthographic":false}