{"cameraMode":{"drawMode":0,"name":"Shaded","section":"Shading Mode"},"sceneLighting":false,"audioPlay":false,"sceneViewState":{"showFog":true,"showMaterialUpdate":true,"showSkybox":false,"showFlares":true,"showImageEffects":true,"showParticleSystems":true},"in2DMode":false,"pivot":{"x":-0.6864907741546631,"y":0.2716008722782135,"z":-25.123537063598634},"rotation":{"x":-0.0775284692645073,"y":0.5081713795661926,"z":-0.04608434438705444,"w":-0.8565673828125},"size":4.123942852020264,"orthographic":false}