{"cameraMode":{"drawMode":0,"name":"Shaded","section":"Shading Mode"},"sceneLighting":false,"audioPlay":false,"sceneViewState":{"showFog":true,"showMaterialUpdate":true,"showSkybox":false,"showFlares":true,"showImageEffects":true,"showParticleSystems":true},"in2DMode":false,"pivot":{"x":11.061531066894532,"y":1.4420268535614014,"z":0.059738755226135257},"rotation":{"x":-0.14743837714195252,"y":-0.5696656107902527,"z":0.10467316210269928,"w":-0.8017831444740295},"size":4.450496196746826,"orthographic":false}