{"cameraMode":{"drawMode":0,"name":"Shaded","section":"Shading Mode"},"sceneLighting":false,"audioPlay":false,"sceneViewState":{"showFog":true,"showMaterialUpdate":true,"showSkybox":false,"showFlares":true,"showImageEffects":true,"showParticleSystems":true},"in2DMode":false,"pivot":{"x":12.52055835723877,"y":0.17747081816196443,"z":1.2789642810821534},"rotation":{"x":0.10167860984802246,"y":-0.5426095724105835,"z":0.06653455644845963,"w":0.8311759829521179},"size":22.0,"orthographic":false}