{"cameraMode":{"drawMode":0,"name":"Shaded","section":"Shading Mode"},"sceneLighting":false,"audioPlay":false,"sceneViewState":{"showFog":true,"showMaterialUpdate":false,"showSkybox":false,"showFlares":true,"showImageEffects":true,"showParticleSystems":true},"in2DMode":false,"pivot":{"x":32.55732727050781,"y":3.602969169616699,"z":-43.07606506347656},"rotation":{"x":0.035985834896564487,"y":0.7142723798751831,"z":-0.03655289113521576,"w":0.6981809735298157},"size":12.066009521484375,"orthographic":false}