{"cameraMode":{"drawMode":0,"name":"Shaded","section":"Shading Mode"},"sceneLighting":false,"audioPlay":false,"sceneViewState":{"showFog":true,"showMaterialUpdate":false,"showSkybox":false,"showFlares":true,"showImageEffects":true,"showParticleSystems":true},"in2DMode":false,"pivot":{"x":35.00019073486328,"y":-0.04452025890350342,"z":-42.799400329589847},"rotation":{"x":0.27866247296333315,"y":0.6505042314529419,"z":-0.2790432572364807,"w":0.6493090987205505},"size":12.066009521484375,"orthographic":false}