{"cameraMode":{"drawMode":0,"name":"Shaded","section":"Shading Mode"},"sceneLighting":false,"audioPlay":false,"sceneViewState":{"showFog":true,"showMaterialUpdate":true,"showSkybox":false,"showFlares":true,"showImageEffects":true,"showParticleSystems":true},"in2DMode":false,"pivot":{"x":0.5639943480491638,"y":-0.07566767185926438,"z":-23.257339477539064},"rotation":{"x":-0.0025573521852493288,"y":0.99541175365448,"z":-0.0916491448879242,"w":-0.028720086440443994},"size":4.123942852020264,"orthographic":false}