{"cameraMode":{"drawMode":0,"name":"Shaded","section":"Shading Mode"},"sceneLighting":false,"audioPlay":false,"sceneViewState":{"showFog":true,"showMaterialUpdate":true,"showSkybox":false,"showFlares":true,"showImageEffects":true,"showParticleSystems":true},"in2DMode":false,"pivot":{"x":0.04513050988316536,"y":0.22024911642074586,"z":-21.99364471435547},"rotation":{"x":-0.051085490733385089,"y":0.8649802207946777,"z":-0.09016096591949463,"w":-0.4910663664340973},"size":4.123942852020264,"orthographic":false}