{"cameraMode":{"drawMode":0,"name":"Shaded","section":"Shading Mode"},"sceneLighting":false,"audioPlay":false,"sceneViewState":{"showFog":true,"showMaterialUpdate":true,"showSkybox":false,"showFlares":true,"showImageEffects":true,"showParticleSystems":true},"in2DMode":false,"pivot":{"x":6.89000129699707,"y":0.7623940706253052,"z":0.010154515504837036},"rotation":{"x":-0.19894537329673768,"y":-0.6344478726387024,"z":0.17375364899635316,"w":-0.7264418005943298},"size":2.09399676322937,"orthographic":false}