{"cameraMode":{"drawMode":0,"name":"Shaded","section":"Shading Mode"},"sceneLighting":false,"audioPlay":false,"sceneViewState":{"showFog":true,"showMaterialUpdate":false,"showSkybox":false,"showFlares":true,"showImageEffects":true,"showParticleSystems":true},"in2DMode":false,"pivot":{"x":5.111046314239502,"y":-0.1430513709783554,"z":-41.67310333251953},"rotation":{"x":0.27866247296333315,"y":0.6505042314529419,"z":-0.2790432572364807,"w":0.6493090987205505},"size":12.316920280456543,"orthographic":false}