{"cameraMode":{"drawMode":0,"name":"Shaded","section":"Shading Mode"},"sceneLighting":false,"audioPlay":false,"sceneViewState":{"showFog":true,"showMaterialUpdate":false,"showSkybox":false,"showFlares":true,"showImageEffects":true,"showParticleSystems":true},"in2DMode":false,"pivot":{"x":5.000191688537598,"y":-0.04452025890350342,"z":-23.549400329589845},"rotation":{"x":0.07748918235301972,"y":0.5719283819198608,"z":-0.0543830506503582,"w":0.814835786819458},"size":20.756454467773439,"orthographic":false}