{"cameraMode":{"drawMode":0,"name":"Shaded","section":"Shading Mode"},"sceneLighting":true,"audioPlay":false,"sceneViewState":{"showFog":true,"showMaterialUpdate":true,"showSkybox":true,"showFlares":true,"showImageEffects":true,"showParticleSystems":true},"in2DMode":false,"pivot":{"x":-0.4849993586540222,"y":0.07960487902164459,"z":-12.621049880981446},"rotation":{"x":0.07972286641597748,"y":-0.01132542546838522,"z":0.0010214459616690875,"w":0.9967995285987854},"size":12.476628303527832,"orthographic":false}