{"cameraMode":{"drawMode":0,"name":"Shaded","section":"Shading Mode"},"sceneLighting":true,"audioPlay":false,"sceneViewState":{"showFog":true,"showMaterialUpdate":true,"showSkybox":true,"showFlares":true,"showImageEffects":true,"showParticleSystems":true},"in2DMode":false,"pivot":{"x":19.35532569885254,"y":-2.027573823928833,"z":-0.024999212473630906},"rotation":{"x":-0.06909488886594773,"y":-0.704900860786438,"z":0.06897628307342529,"w":-0.7026205062866211},"size":22.989999771118165,"orthographic":false}