{"cameraMode":{"drawMode":0,"name":"Shaded","section":"Shading Mode"},"sceneLighting":false,"audioPlay":false,"sceneViewState":{"showFog":true,"showMaterialUpdate":true,"showSkybox":false,"showFlares":true,"showImageEffects":true,"showParticleSystems":true},"in2DMode":false,"pivot":{"x":3.0394980907440187,"y":0.2931075096130371,"z":31.466020584106447},"rotation":{"x":0.14617396891117097,"y":0.3625698387622833,"z":-0.05770115554332733,"w":0.9185788035392761},"size":4.034312725067139,"orthographic":false}