{"cameraMode":{"drawMode":0,"name":"Shaded","section":"Shading Mode"},"sceneLighting":false,"audioPlay":false,"sceneViewState":{"showFog":true,"showMaterialUpdate":true,"showSkybox":false,"showFlares":true,"showImageEffects":true,"showParticleSystems":true},"in2DMode":false,"pivot":{"x":-1.4522051811218262,"y":1.035191535949707,"z":8.736258506774903},"rotation":{"x":0.17467978596687318,"y":0.4744960069656372,"z":-0.0966791957616806,"w":0.8573183417320252},"size":1.1407361030578614,"orthographic":false}