{"cameraMode":{"drawMode":0,"name":"Shaded","section":"Shading Mode"},"sceneLighting":false,"audioPlay":false,"sceneViewState":{"showFog":true,"showMaterialUpdate":false,"showSkybox":false,"showFlares":true,"showImageEffects":true,"showParticleSystems":true},"in2DMode":false,"pivot":{"x":1.2035274505615235,"y":0.7898073792457581,"z":-21.996137619018556},"rotation":{"x":-0.11331607401371002,"y":0.45220017433166506,"z":-0.05843494087457657,"w":-0.8830457925796509},"size":2.5250566005706789,"orthographic":false}