{"cameraMode":{"drawMode":0,"name":"Shaded","section":"Shading Mode"},"sceneLighting":false,"audioPlay":false,"sceneViewState":{"showFog":true,"showMaterialUpdate":false,"showSkybox":false,"showFlares":true,"showImageEffects":true,"showParticleSystems":true},"in2DMode":false,"pivot":{"x":0.17192062735557557,"y":0.5160504579544067,"z":-21.533771514892579},"rotation":{"x":-0.11042909324169159,"y":-0.6363463997840881,"z":0.09218151867389679,"w":-0.7582090497016907},"size":2.5250566005706789,"orthographic":false}