{"cameraMode":{"drawMode":0,"name":"Shaded","section":"Shading Mode"},"sceneLighting":false,"audioPlay":false,"sceneViewState":{"showFog":true,"showMaterialUpdate":true,"showSkybox":false,"showFlares":true,"showImageEffects":true,"showParticleSystems":true},"in2DMode":false,"pivot":{"x":10.666687965393067,"y":0.5473949313163757,"z":-0.08992696553468704},"rotation":{"x":0.12793581187725068,"y":0.5817137956619263,"z":-0.09327985346317291,"w":0.7978355288505554},"size":2.2187182903289797,"orthographic":false}