{"cameraMode":{"drawMode":0,"name":"Shaded","section":"Shading Mode"},"sceneLighting":false,"audioPlay":false,"sceneViewState":{"showFog":true,"showMaterialUpdate":true,"showSkybox":false,"showFlares":true,"showImageEffects":true,"showParticleSystems":true},"in2DMode":false,"pivot":{"x":7.149628162384033,"y":1.1422507762908936,"z":-0.3484609127044678},"rotation":{"x":0.029650045558810235,"y":0.8943566083908081,"z":-0.4423391819000244,"w":0.05995205417275429},"size":2.23177170753479,"orthographic":false}