{"cameraMode":{"drawMode":0,"name":"Shaded","section":"Shading Mode"},"sceneLighting":false,"audioPlay":false,"sceneViewState":{"showFog":true,"showMaterialUpdate":false,"showSkybox":false,"showFlares":true,"showImageEffects":true,"showParticleSystems":true},"in2DMode":false,"pivot":{"x":30.092275619506837,"y":-5.12026834487915,"z":-42.99364471435547},"rotation":{"x":0.2360832542181015,"y":0.6723901629447937,"z":-0.24065852165222169,"w":0.6591799259185791},"size":16.474937438964845,"orthographic":false}