{"cameraMode":{"drawMode":0,"name":"Shaded","section":"Shading Mode"},"sceneLighting":false,"audioPlay":false,"sceneViewState":{"showFog":true,"showMaterialUpdate":false,"showSkybox":false,"showFlares":true,"showImageEffects":true,"showParticleSystems":true},"in2DMode":false,"pivot":{"x":34.73143768310547,"y":3.6099448204040529,"z":-41.68997573852539},"rotation":{"x":0.004952056333422661,"y":0.7891474366188049,"z":-0.006043037865310907,"w":0.614377498626709},"size":6.235922336578369,"orthographic":false}