{"cameraMode":{"drawMode":0,"name":"Shaded","section":"Shading Mode"},"sceneLighting":false,"audioPlay":false,"sceneViewState":{"showFog":true,"showMaterialUpdate":false,"showSkybox":false,"showFlares":true,"showImageEffects":true,"showParticleSystems":true},"in2DMode":false,"pivot":{"x":-0.4794260263442993,"y":0.5541157722473145,"z":-12.150138854980469},"rotation":{"x":0.046154897660017017,"y":0.9375578761100769,"z":-0.13682226836681367,"w":0.316584050655365},"size":5.19704008102417,"orthographic":false}