{"cameraMode":{"drawMode":0,"name":"Shaded","section":"Shading Mode"},"sceneLighting":false,"audioPlay":false,"sceneViewState":{"showFog":true,"showMaterialUpdate":false,"showSkybox":false,"showFlares":true,"showImageEffects":true,"showParticleSystems":true},"in2DMode":false,"pivot":{"x":0.7849323749542236,"y":0.4629964828491211,"z":-19.13312339782715},"rotation":{"x":-0.11365710943937302,"y":-0.5064491033554077,"z":0.06702514737844467,"w":-0.8523353934288025},"size":3.9200851917266847,"orthographic":false}