{"cameraMode":{"drawMode":0,"name":"Shaded","section":"Shading Mode"},"sceneLighting":false,"audioPlay":false,"sceneViewState":{"showFog":true,"showMaterialUpdate":false,"showSkybox":false,"showFlares":true,"showImageEffects":true,"showParticleSystems":true},"in2DMode":false,"pivot":{"x":-0.6387445330619812,"y":0.005774528719484806,"z":-18.053035736083986},"rotation":{"x":-0.15413188934326173,"y":-0.036523349583148959,"z":0.005222659092396498,"w":-0.9875513911247253},"size":3.9200851917266847,"orthographic":false}