{"cameraMode":{"drawMode":0,"name":"Shaded","section":"Shading Mode"},"sceneLighting":false,"audioPlay":false,"sceneViewState":{"showFog":true,"showMaterialUpdate":false,"showSkybox":false,"showFlares":true,"showImageEffects":true,"showParticleSystems":true},"in2DMode":false,"pivot":{"x":-0.12649008631706239,"y":-0.0977640226483345,"z":-17.512523651123048},"rotation":{"x":-0.17071276903152467,"y":-0.250691682100296,"z":0.04448810964822769,"w":-0.9520542025566101},"size":3.9200851917266847,"orthographic":false}