{"cameraMode":{"drawMode":0,"name":"Shaded","section":"Shading Mode"},"sceneLighting":false,"audioPlay":false,"sceneViewState":{"showFog":true,"showMaterialUpdate":true,"showSkybox":false,"showFlares":true,"showImageEffects":true,"showParticleSystems":true},"in2DMode":false,"pivot":{"x":-0.2849821448326111,"y":0.4305107295513153,"z":-12.570680618286133},"rotation":{"x":-0.10699857771396637,"y":-0.6529582738876343,"z":0.09380999952554703,"w":-0.7439201474189758},"size":0.997044563293457,"orthographic":false}