{"cameraMode":{"drawMode":0,"name":"Shaded","section":"Shading Mode"},"sceneLighting":false,"audioPlay":false,"sceneViewState":{"showFog":true,"showMaterialUpdate":true,"showSkybox":false,"showFlares":true,"showImageEffects":true,"showParticleSystems":true},"in2DMode":false,"pivot":{"x":16.85814666748047,"y":-4.611398696899414,"z":5.701228618621826},"rotation":{"x":0.1528787612915039,"y":0.514137864112854,"z":-0.09373576194047928,"w":0.8387015461921692},"size":23.335466384887697,"orthographic":false}