{"cameraMode":{"drawMode":0,"name":"Shaded","section":"Shading Mode"},"sceneLighting":false,"audioPlay":false,"sceneViewState":{"showFog":true,"showMaterialUpdate":true,"showSkybox":false,"showFlares":true,"showImageEffects":true,"showParticleSystems":true},"in2DMode":false,"pivot":{"x":20.654560089111329,"y":-8.805623054504395,"z":-23.207881927490236},"rotation":{"x":0.15626820921897889,"y":0.6834756731987,"z":-0.15344713628292085,"w":0.6962862014770508},"size":25.076698303222658,"orthographic":false}