{"cameraMode":{"drawMode":0,"name":"Shaded","section":"Shading Mode"},"sceneLighting":false,"audioPlay":false,"sceneViewState":{"showFog":true,"showMaterialUpdate":true,"showSkybox":true,"showFlares":true,"showImageEffects":true,"showParticleSystems":true},"in2DMode":false,"pivot":{"x":322.44232177734377,"y":3.1239781379699709,"z":35.085968017578128},"rotation":{"x":-0.08075729757547379,"y":-0.21537837386131288,"z":0.01788838393986225,"w":-0.9730247259140015},"size":24.752456665039064,"orthographic":false}