{"cameraMode":{"drawMode":0,"name":"Shaded","section":"Shading Mode"},"sceneLighting":false,"audioPlay":false,"sceneViewState":{"showFog":true,"showMaterialUpdate":true,"showSkybox":true,"showFlares":true,"showImageEffects":true,"showParticleSystems":true},"in2DMode":false,"pivot":{"x":40.56650924682617,"y":10.194748878479004,"z":-39.673301696777347},"rotation":{"x":0.11837588995695114,"y":-0.04968636855483055,"z":0.005956961307674646,"w":0.9916691184043884},"size":2.780149221420288,"orthographic":false}